<?xml version="1.0" encoding="UTF-8"?>
<project-private xmlns="http://www.netbeans.org/ns/project-private/1">
    <editor-bookmarks xmlns="http://www.netbeans.org/ns/editor-bookmarks/2" lastBookmarkId="1">
        <file>
            <url>src/implementationnogui/ImplementationNoGUI.java</url>
            <bookmark id="1">
                <name/>
                <line>77</line>
                <key/>
            </bookmark>
        </file>
    </editor-bookmarks>
    <open-files xmlns="http://www.netbeans.org/ns/projectui-open-files/2">
        <group>
            <file>file:/C:/Users/jtayl/Documents/Documents/CSU/Software%20Engineering/Project/Implem2/ImplementationNoGUI/src/implementationnogui/TransactionProcessor.java</file>
            <file>file:/C:/Users/jtayl/Documents/Documents/CSU/Software%20Engineering/Project/Implem2/ImplementationNoGUI/src/implementationnogui/Order.java</file>
            <file>file:/C:/Users/jtayl/Documents/Documents/CSU/Software%20Engineering/Project/Implem2/ImplementationNoGUI/src/implementationnogui/Cart.java</file>
            <file>file:/C:/Users/jtayl/Documents/Documents/CSU/Software%20Engineering/Project/Implem2/ImplementationNoGUI/src/implementationnogui/User.java</file>
            <file>file:/C:/Users/jtayl/Documents/Documents/CSU/Software%20Engineering/Project/Implem2/ImplementationNoGUI/src/implementationnogui/Insert.java</file>
            <file>file:/C:/Users/jtayl/Documents/Documents/CSU/Software%20Engineering/Project/Implem2/ImplementationNoGUI/src/implementationnogui/ImplementationNoGUI.java</file>
            <file>file:/C:/Users/jtayl/Documents/Documents/CSU/Software%20Engineering/Project/Implem2/ImplementationNoGUI/src/implementationnogui/Item.java</file>
        </group>
    </open-files>
</project-private>
